Model,Accuracy,AUC,Precision,Recall,F1,MCC
KNN,0.8140228741919443,0.8307135083462021,0.6442748091603053,0.5626666666666666,0.600711743772242,0.48208566309924755
Logistic Regression,0.8420354715730151,0.8969771306713731,0.7189751801441153,0.5986666666666667,0.6533284830847581,0.5560256673394328
Decision Tree,0.8022542681916128,0.7432064857710126,0.5977084659452578,0.626,0.6115271898404429,0.47922345726781806
Naive Bayes,0.7823636665009116,0.8222823737039489,0.6406015037593985,0.284,0.3935334872979215,0.31919134518697856
Random Forest,0.8417039615448367,0.8963931171409661,0.7143981117230527,0.6053333333333333,0.6553590761457957,0.5567244782958463
XGBoost,0.8640808884468755,0.9232572247959409,0.7707006369426752,0.6453333333333333,0.7024673439767779,0.6193543693246606
